ID,clean_tweet,true_label,predicted_label,probability_of_hateful
5119,come man   oreo needs chill know good nah  tcomw9qxg3vfw,0,1,0.7173890064777568
3575,think fuckin wit wrong niggah,1,1,0.8739197179548313
246,gorilla simulator need adapt environment need tear city materia,0,0,0.22109131688004302
3259,im going miss bitches  tcolupoqat2r9 far right resting ol girl booty yall funny shit,1,1,0.9303211668968072
5805,  udonis talking big trash lance lebron holds,0,0,0.4294138890208694
4820,cool beaners got home ready couch floating away lol,0,1,0.715126056305429
6297,  craving oreo mcflurry b,0,1,0.5001807402876967
2945,want vote,1,1,0.670064554192411
2706,heres combat violent extremism 2017 white nationalist came dinner,1,1,0.9900348923159968
1730,libtard cant believe hate muslims suppo trump black woman im damn slave,1,1,0.8370633168466755
102,thankful sense taste,0,1,0.5001807402876967
3096,elizabeth astupid hoe,1,1,0.6769678012666285
3359,pussy  tcottzsxbts74,1,1,0.7599667489498402
1513,surprised news outlets opposition racemix ad hate racism embrac,1,1,0.9921021890301358
2127,kind enable emb,1,1,0.5001807402876967
5180,facebook birdsim,0,1,0.5001807402876967
1484,libtard,1,1,0.5001807402876967
4087,bahaha karma bitch,1,1,0.7077130342708366
3455,bad bitch line tryna brains,1,1,0.9354637799873919
2178,bout spend new years eve playing game lol,1,1,0.9954482862600217
6761,twitters little blue birds larry celtics isu larry bird stick ticker twtr,0,1,0.7793769843876553
6508,  yankee doodle farm cotton farm,0,1,0.5001807402876967
1075,grow old best robe browning,0,1,0.7004383424975464
6925,wanna ghetto club tonight,0,1,0.7286788212261406
2265,lecture,1,1,0.5001807402876967
3434,deses bitches know youre nigga,1,1,0.847581421383821
234,looking cool river island outfit,0,1,0.5832967235424517
4983,blaxican,0,1,0.5001807402876967
6732,music trash,0,0,0.00019350447756542308
3979,hoes need rounds   play stupid hoe song,1,1,0.7215157484794196
6804,monkey  tcoh76rptl8wq,0,1,0.518897770696544
6442,  hey jig democrats dems raci,0,1,0.5465977033363244
1804,truly stand equality acceptable,1,1,0.7982196098473373
5012,gold white yellow,0,1,0.782327013421914
1056,science stupid nat geo,0,1,0.7563098379330709
240,thankful imagination,0,1,0.5001807402876967
133,oh thursdays noodle day menu,0,1,0.5038499410962889
5630,plan dying soon im totally going write kenobi sole heir hes thing locally 94 trust,0,0,0.44490481802071863
4442,pop wop,0,1,0.5001807402876967
2032,think names true,1,1,0.6110986881569545
1193,leaving morning,0,1,0.5001807402876967
5203,foto imapython bieg albino sea tu le think u mean soul ocean  tcovymitsncen,0,1,0.930577557358348
3510,gang gang bitch,1,1,0.551100867263668
4499,rocked white sole feel ya bro favorite foam time  tcoltssn34ifj,0,1,0.8829640450195815
6022,  twitters home button birdhouse join youre egg logo bird people dont realize,0,1,0.6730652467574024
6242,  ya gives 43 lead 10th solo home run,0,0,0.007332117722096607
5971,  buy tickets transformers 3d lock aluminum trash toss overpass rus,0,0,0.4463393444397846
3594,lickin toes basic bitch cant fuck basic bitch,1,1,0.6913577952201749
430,sad shouldnt happen stay strong team,0,0,0.37843705059306076
643,saturday truths,0,1,0.5001807402876967
3818,  bitches b tweeting b relavent sad,1,1,0.6349349876150026
1421,gonna watch conjuring 2 today wbarkada,0,0,0.4625846836296212
4769,cookies sound wonderful,0,1,0.5001807402876967
5961,  babes buy brazilian peruvian bengali,0,1,0.5001807402876967
2967,white trash,1,1,0.6618863851328565
4383,5am whizzing crackers cats got   playing hockey lol  tcoa5zbvdxapx,0,1,0.7208166365652132
2589,libtard,1,1,0.5001807402876967
6193,  great regular season ball birds,0,1,0.5302066391743633
1039,hahaha heroes fake,0,1,0.6294547895460418
4741,little girl tom sawyer gets trapped cave injun joe die injun joe dies find treasure,0,1,0.6476842656249654
5047,bank robber wore zebraprint dress arrested police  tcouuq0bw6vju,0,1,0.8977146427301196
38,thing feel like know,0,0,0.10616399214665281
2772,ignored,1,1,0.5001807402876967
2570,ignorance egregious dont dare speak 4 rest,1,1,0.5888310358652715
4728,yu forgot beat yall thats like garbage man calling janitor trash,0,1,0.9042950448116782
1967,ignored,1,1,0.5001807402876967
5991,  jamal fool called leprechaun said hea  cant blue purple gotta yellow,0,1,0.8932344517445102
866,astonished hasnt received accolades deserves win today especially,0,1,0.8553238202514166
1380,bihday present 31st,0,1,0.5001807402876967
2113,youre racist,1,1,0.7076182604209194
5446,ive pretty eaten entire box nephews cheese nips feel bad little,0,1,0.7415589659220431
4990,yankee win makes day better,0,1,0.9490338646316268
3036,whats youtube channel faggot,1,1,0.6891658382500223
626,best essential oils,0,1,0.5001807402876967
3834,  like lunch little boynah bitch look im eating cause  tco7cva8grvds,1,1,0.8980165044683537
4490,prime leija trash 140 dudes today,0,0,0.39613563995778284
4910,dont think celestial dragon killed,0,1,0.7227433336959891
5219,guys walked office secretary bird looks like find  tcot9u4vgwjwv,0,1,0.7090611510761159
4640,yeah definitely wasnt guy fought lara cuts ring huge boon canelo,0,0,0.0436457505340135
2893,age gender race define capabilities 2016,1,1,0.9047533286865466
3459,bad bitches thing like,1,0,0.14938905832735397
2847,destroyed minute,1,1,0.5001807402876967
264,love u u time ur,0,0,0.4669904299019428
2095,new way disgraced,1,1,0.5617148519335874
4393,wonder charlie brown days,0,1,0.5001807402876967
2663,cult,1,1,0.5001807402876967
2749,nigger white kid growing 60s,1,1,0.825773463408161
4153,smuggler explains helped fighters jihadi highway  tcoux4anxeawd,0,1,0.5001807402876967
5392,think ill eat brownie pass,0,1,0.5338787045253389
5782,  homeowner shoots armed suspect attacked pistol whipped  tcovluewugclg,0,1,0.5001807402876967
51,anna open challenge try find 2 kilometer road potholes breakers hyderabad u work fundu ideas,0,0,0.24284247547147156
5442,im biggest redskins dam right stop,0,1,0.6620257537105716
4568,box yellow crayons,0,1,0.6031553479136076
3902,  free squaddd bitch solid block freee,1,1,0.5749381794743765
2319,dont forget research shows sexist men psychological problems,1,1,0.5880164732952354
1935,donkey proud murdering real palestinian semitic children thats,1,1,0.5046794088648849
5488,jamaica populated island hillbillies linguistics kind sub accent olde english derivatives,0,1,0.5001807402876967
5236,golden oreos best,0,1,0.5001807402876967
2408,times grave dangerwith dissent recast treason unchained intolerance march it,1,1,0.937427591928988
5225,mt offers fun break slopes sweet  tcootj5uxqbna,0,1,0.5001807402876967
6605,oval pink blue yellow,0,1,0.5509699489547922
3241,  hoe dmd sayin dreamsfuckin fo une cookie ass hoe fuck dms,1,1,0.8048951151419407
2604,green book sundown towns guide reminder faced travellers,1,1,0.5001807402876967
1600,prostitutes brief history behaving badly,1,1,0.5001807402876967
5980,  jihadiinchief hussein urges restraint fighting islamic butchers nice isiswe hu ,0,1,0.5001807402876967
6868,know ghetto streets named ma in luther king jr   littlejohn,0,1,0.6964430853916932
2681,stop trying find isnt happening,1,1,0.8197674036831388
966,trump calling obama resign orlando shootings boy point 8 years talk change,0,1,0.9655189713784651
438,n fathers taking care kid n forget,0,1,0.8265513358201965
4980,didnt open das asked cus thought yu ate wat pork chops yellow rice n beans,0,1,0.5874468729566389
4997,yellow jacket landed mouth stung cutting grasssafe  tcocayucs8o01,0,1,0.5654611725058549
1375,dana middle silvergate elementary ceremony old glory san diego military town today,0,1,0.6457002499044923
4376,2 games im good,0,1,0.7226178777965859
3796,  lmaoo bitch  tco2dhlgxcvg2,1,1,0.7077130342708366
5562,man shiner charas spo ing yowza,0,1,0.5403429916066246
2577,extending hand   uniting merica unprecedented,1,1,0.5001807402876967
4275,lakers trash,0,0,0.415776703177558
2317,hopefully stop funding illegal state pay 38billion,1,1,0.5487399369531181
2806,krakow beautiful   stay   let build   uk east european,1,0,0.09513557986858609
6857,yasss brownies   ice cream  tco8qla3jsglg,0,1,0.6283022027840305
812,thankful,0,1,0.5001807402876967
1145,wohooo pachhyyy congratulations,0,1,0.5001807402876967
1868,aint da blm,1,1,0.7637443378096653
2125,disgusting racist thugs look forward going jail,1,1,0.7085829372403402
1176,needed sho escape thank youuu safety nets conipra91,0,1,0.9897089881776548
1322,open public hours,0,1,0.7902506596423295
3665,pull ex bitch mad,1,1,0.9985682951707975
2349,thought factory leftright polarisation 12,1,1,0.5001807402876967
6839,monkey gorilla theyre hairy choose monkey  tcoh2rqf5oqwb,0,1,0.5126927482497683
2707,deaths caused islamic extremism occur civil wars terror attacks,1,1,0.5001807402876967
997,gets,0,1,0.5319053127150359
3183,seattle mayoral election year choice bunch women nonwhites faggotsfag lovers tcorwhgmrlazx,1,1,0.6997960820322735
3389,pussy pussy pussy,1,1,0.7599667489498402
3505,fuck bitch,1,1,0.7595068566297445
2894,denial,1,1,0.5001807402876967
1616,police appeal following 2 alleged assaults,1,1,0.7741746100016027
5287,homework boonies date caitlin tonightgtgt,0,1,0.8451696127968126
6209,  comstock lode boon 4 grew 2 20000 ppl   1 largest   wealthiest,0,1,0.9929864224299726
2035,hitler called,1,1,0.9222428816403979
178,dont know dont misinform belmont park bigger flemington tight theredid watch,0,1,0.7036774156698383
4373,10   15   average 2 8 need scale 110 ghetto u,0,1,0.5474280456617836
3514,girl like 19 pics instagram morning working saw thought bitch need life,1,0,0.3164836677202192
6996,versace bird feeder,0,1,0.5001807402876967
6001,  paper ball trash  tcom90w9n1zbt,0,0,0.415776703177558
1010,finally got fish tank,0,1,0.5681714593220384
2674,ally carl slammed wish list nbc news,1,1,0.977583115429025
536,singing makes,0,1,0.983404758268062
3617,let hoes great  yall bitches reaching sidetitty look,1,1,0.8405639832621974
80,safe ways heal,0,1,0.5001807402876967
1372,cont fathers day disaster hermes useless courier pa 2,0,1,0.5029553625980733
5745,  halloween candy corn bird  tcoktnbyutykw,0,1,0.5001807402876967
3412,oh bitch ass wants reply 3 days bitch bye,1,1,0.6655383122136047
5073,cheese crackers,0,1,0.662447137092126
6512,  fairy tale deny existence sorrow failure,0,1,0.5001807402876967
231,lovely day sitting outside college enjoying sun im,0,1,0.6422225394192004
4819,cool beaners,0,1,0.6413179242357311
753,missing favorite electricity,0,1,0.8879859046371232
1278,place sos afternoon im totally blessed company gorgeous,0,1,0.701451768360604
1903,libtard,1,1,0.5001807402876967
5725,  grateful profound hospitality volunteers open homes patients traveling long distances abo,0,1,0.6124677178159174
3530,hello bitches want lies self,1,1,0.7354865197482843
3753,  5 years hoes aint gone shit dick head,1,1,0.9965581321611433
6252,    looking forward sitting president obama 60th anniversary broadcast sunday ho,0,1,0.7566285697942644
6093,  condom invent sole purpose,0,1,0.5001807402876967
6793,weed brownies gtgtgtgt,0,1,0.5001807402876967
1262,appletstag,0,1,0.5001807402876967
6800,trash franchise   fergie sing national anthem clippers season opener tomorrow,0,1,0.6196266059739549
3843,  bitch think im worried bitch ove hinking,1,1,0.7250700635423932
5353,learnt birds child best time learn,0,1,0.5974010866138026
2070,ask want follow im,1,1,0.7744786526754155
5360,love butter atcq id love qtips hook looped half minutes instead phifes trash verses,0,0,0.40305795589734067
2261,run risk looking unintentionally moredun edinburgh,1,0,0.0004086063293066265
6220,  fear mongering left dying wake going 2 believe charlie rangel hussein mia love c,0,1,0.540531091714752
382,wonderful dads especially happy fathers day,0,1,0.864157103465719
4412,got pompom pete,0,1,0.6651360203683614
5976,  nov 222012 thanksgiving dinner 200pm proof main day preoccupied giant bird  ,0,1,0.7034107371614624
2647,looks like damned fool 50 years usa openly opposed settlement buliding,1,1,0.9588510115312712
2579,comments reflections ignorance,1,1,0.6432936994202145
2856,trump c aign official wants michelle obama let loose live african apes,1,1,0.7691626945654753
1759,  feel like stomping listen,1,1,0.5510311845135577
5783,  free bird,0,1,0.5001807402876967
2943,libtard,1,1,0.5001807402876967
497,course hows trip hear close brno,0,1,0.6928379169929338
218,happy weekend people mc justorichrapkiddo cares,0,1,0.6178315935603649
1790,nick cannon speaks systemic,1,1,0.5001807402876967
1058,interests person pleased katharine hepburn,0,1,0.5739143187890529
5325,got eyes red bone,0,1,0.5626458793259574
2830,calls means jealous wh,1,1,0.6744113650694178
5021,think unsold items thrift stores garbage think great games trash dumps speak,0,0,0.468335815999696
6077,  charlie crist wins democratic primary  tcofunqxo8o4o,0,1,0.5001807402876967
938,big day tomorrow,0,1,0.5030777769439072
1761,liberal institutionalized white supremacy,1,1,0.694219008614185
4424,chicken fried steak boys mash potatoes gravy green beans corn ice cream brownies,0,1,0.8632612012235169
3936,  think mans cheating bitches house wifi connects,1,1,0.903084583492223
474,looking forward seeing tonight,0,1,0.5001807402876967
3132,americans hire white trash ties international terrorism police officers,1,1,0.6920738928522762
764,punished anger punished anger,0,1,0.5001807402876967
6322,  tommy voeckler keeps yellow andy schleck break tour contador broken incredible day,0,1,0.5409770816756245
6606,black people live entirely different world peaches cream apparently rose colored glasses,0,0,0.2963747162472766
2023,boys use drill,1,1,0.9619031201906794
1426,thankful palm trees,0,1,0.5001807402876967
2935,cop,1,1,0.5001807402876967
6207,  need moment appreciate noble guinea pig ste unk dragon wings  tcoseryx9v,0,1,0.6164704207916597
2466,latest knitting clio daily thanks,1,1,0.5001807402876967
2760,despite demoralizing 2016 ur free positive,1,1,0.6969316857757675
1371,damn years later weve literally country stop shootings happening,0,1,0.6522316694415724
4547,like doubt plays got lot big man rotation committed bosh bird mcbob   shawne,0,1,0.5995456623782166
5075,revisit idea teams playing like game  ,0,1,0.5587502780458459
2860,denied civil rights religion,1,1,0.635408382469992
4221,let play entire inning thats fitting,0,1,0.6145557874989874
6273,  release day gift yes adorable bumblebee bear  tcosc3ajxcirb,0,1,0.5133775773519997
4353,forget salute trash guy bad war cairo ii sympathize w pockistan gays hu ing morale thanks king,0,1,0.6523926214546956
6076,  thought raining sound roof birds exploding heat,0,1,0.5343681025966869
4946,fingers crossed chug chug chug lol,0,1,0.510228028385902
2620,defeat ugly prejudice,1,1,0.5001807402876967
6834,wont catch sneak dissing thats fo birds,0,1,0.7828697750656385
3797,  sta ed fuckin bitches believe horoscope saythey believe dumbass horoscopes gunna bel,1,1,0.7982228639302584
4693,liked day bird got classroom,0,1,0.5955025391224967
1587,id posted flag logo 2008 id called forced bake cake dancers elitist asses,1,1,0.9308409129168372
3928,  shoot em shit cool gimme shit play bitches niggagimme jiggy shit,1,1,0.9932650627359016
4166,fit lads nice gear  tcothnxx1lc1m scally lads n trainers,0,1,0.5001807402876967
6172,  deep fried oreos  tcoqudw3wqd7r,0,1,0.6693948178045931
3687,  ima beat yo lil young ass quick plyin hoe,1,1,0.7746968692735969
504,3 days,0,1,0.5001807402876967
1719,leads violence,1,1,0.5001807402876967
2229,jews gt,1,1,0.7187837123411617
3536,aint mad bitches thats hoes,1,1,0.8947870361843807
4948,dont hunt birds count shooting dove season power line bb gun,0,1,0.9518068786153026
3833,  bitch  tcofcqfdki4zn,1,1,0.7077130342708366
186,house price index rose previous 62to 69,0,1,0.549530477094219
4163,swears im man easily easily austin nip,0,1,0.590255423147439
535,enroute marinabaysands dinner,0,1,0.5001807402876967
2115,hope,1,1,0.5001807402876967
5614,seen tinted yellow tongue ate lemon jolly rancher,0,1,0.6375414497857803
4358,searches yellow pages app nearest jack box,0,1,0.5614862171797229
5142,nickname tator tator tot tightey whitey whitey jr taylor whitey pants agent ti  tcoxlbhdjfbf4,0,1,0.5001807402876967
6418,  ive talked trash ou lose today,0,0,0.4254320203486711
5573,gusta pollo espa lol,0,1,0.5450132887613413
737,pay relationship fully innocent remember words create feelings,0,1,0.8859110272309965
3533,come wont pray find time bitch,1,1,0.8440076484815148
1941,today 1000,1,0,0.459640659404135
2796,nope struggling observation,1,1,0.5001807402876967
6106,  dont care pretty personality trash men going treat accordingly thats tru,0,1,0.7777440825059896
933,34th xabi,0,1,0.5001807402876967
3752,  fw grown hoes,1,1,0.6448924038695767
2958,youre fucking gay blacklisted hoe holding  tcoxuccwoetmn,1,1,0.8397462768864048
2463,names women best nude blonde teenagers,1,1,0.54790241927294
1658,victim adam saleh refers black people abeed slaves sketches,1,1,0.9183517739309436
4740,need sta  mcbob williams shoot let play bird,0,1,0.6157994377360653
6501,  wear beanies winter long bandanas till summer,0,1,0.6251486758703088
394,look find today 5 bring movies 10,0,1,0.6879964554030559
5887,  found oreo pocket thanks looking xx,0,1,0.675620611657443
3600,ima pull eat pussy dip,1,1,0.9948550078517925
6278,  school admins hungry kids lunch   throw trash lunch funds arent paid thatll teach em  tc,0,1,0.9514918056030084
1211,got pre sale tickets morning itll 7 year old daughters fo conce,0,1,0.7593663147745829
2742,fuck yo assholes dumb mafuckas,1,1,0.9758413064944762
1502,msg business end,1,1,0.5001807402876967
2665,tragic 4 white americans prompts 2 vote 4 candidates slash ow,1,1,0.6993703051431344
2689,monster law republican lawmakers disenfranchised black voters near surgical precision,1,1,0.5776815756447448
4491,nudes trash,0,0,0.3356885293868687
6353,  statement thought realize makes sense think abo,0,1,0.9406326396684939
3028,kill ugly ass monkey looking shit,1,1,0.8493339043953618
3782,    got interest tall skinny model bitches like women ass   hips,1,1,0.7668470390536585
3124,u mad search bar search stupid niggers   hop somebodys head mention lol,1,1,0.8733350053530977
5303,mushroom mountainonce twice whos countinbut nothin comparesto blue   yellow purple pills  tcofmjlvmeqdo,0,1,0.5331186894753099
3482,dumb bitch dont know colors,1,1,0.9592293986989492
735,clearly overoptimistic learning torn hand fk u lov u,0,1,0.5001807402876967
6419,  yes yes know fob reconciliation idea youre welcome,0,1,0.5940583414222439
322,need course stream work today pssst download,0,0,0.4125143533284506
4077,cant treat hoes like ladies,1,1,0.6692944490160156
3543,curved yo bitch welcome,1,1,0.7469432880491336
4777,im wexican,0,1,0.7697728560440665
409,attack bull chase leave lot despite fact youre strong source,0,1,0.9185757819270919
2169,end,1,1,0.5001807402876967
1091,gave away wings sad fly antonio porchia,0,1,0.8975853008382387
4013,hoes gettin replaced soon sta  fuck wit cheques,1,1,0.8628265817724415
2274,ends 2016 hopeful message music industry,1,0,0.03471819436523715
4975,uhh messi trash im flattered games scorre,0,1,0.5988836196522616
2334,prince charles offers danger robinson aint wrong,1,1,0.9272607693010216
170,come poster xxx,0,1,0.7505947772068305
2388,word factory race denial prevents healing 13,1,0,0.3310041628949022
6502,  im date yankee field getting kiss cam,0,1,0.7913305667489586
436,makes day gives fab loves work latest,0,1,0.8996476980940336
539,natural,0,1,0.5001807402876967
2477,haha great,1,1,0.597748341126442
1043,day lets today special kids ages,0,1,0.6733840678275772
5103,charlie sheen wants return half men  tcokvmdogdclq,0,1,0.5001807402876967
5370,luv watching gas monkey havin classics,0,1,0.5115447633932618
4797,hes plate game tonight az im looking buy red yellow balkamania shi  tear,0,1,0.7131627433872789
5160,early bird gets worm,0,1,0.5403243342762024
4405,like dark light carmel white red tan yellow blue purple green doesnt matter color,0,1,0.7672977254649523
3054,yall hire colored folk work half da day throw da mail da sewer aint,1,1,0.7804197363871685
1619,truly sad lot working class men resent offered help woman evolution lot,1,1,0.5497780144727643
2940,atk porn pics representations women mens alcohol ads,1,1,0.5563961608773942
4702,help cant handle uppers cripples plus moderation isnt taken consideration itll bad,0,1,0.8175240632566322
180,fathers day,0,1,0.5035660796977947
577,5 stars love   friendship starring,0,0,0.2979183269988139
1098,state 177 million eligible voters 32 million bothered vote,0,1,0.5001807402876967
2816,unsatisfied moved nuclear terror new,1,1,0.5523283077901172
765,wait new place,0,1,0.5432757363762587
1666,tremendous oppounity country 75 years ove tax breaks corps,1,1,0.672803800404868
6536,  whos blame yankees underperformance year umps management ebola outbreakhow bout player,0,1,0.9842304919842974
5522,lakers purple yellow garbage,0,1,0.5637691599242628
1722,83 year old man young teach sexism women,1,1,0.7522691744949698
6280,  coming 515a charlie bakers c aign admits wrong emotional fisherman story w,0,1,0.7110142232382445
6860,yeah   complete stadium lead red sox 31,0,0,0.0586982142356684
3552,gwop bitch remember,1,1,0.6015937904993647
5835,  gracias por jugar con el corazon ahora ganarle los yankees  tco3fytvuznzb,0,1,0.5001807402876967
169,hanging daddys new school masons cove elementary,0,1,0.7334037792630709
707,greatest gift came god dad,0,1,0.5434528179403629
1579,1 want fight p,1,1,0.7329797752901487
5082,cardinals score 1st lead 10 3rd birds base,0,1,0.5253250551044922
1104,seek woh knowing known anon,0,1,0.5001807402876967
6086,  primes mj dominated lbj 1 1 mentally tougher mjs trash talk unn,0,0,0.4059929404286661
4839,yes true reagan firstike wouldnt president supreme allied commander,0,1,0.8392746446174074
2580,openly total graceless goodbye americas black president,1,1,0.8403861558823821
5438,im big uncle tom slur reserve earn dare vote dem,0,1,0.875020561679854
3356,bitch going nawl,1,1,0.6488502722151355
473,yes sadly easy wins awhile,0,1,0.5175486934641134
1510,celebrate,1,1,0.5001807402876967
6129,  greatest job world got chance sho stop new york yankees derek jeter  ,0,0,0.3235482145733624
1154,balade,0,1,0.5001807402876967
1787,islamic extremism kills tens thousands people year,1,1,0.6134059678356306
3856,  single life hitting zero like dont want hoes,1,1,0.7494163174373749
4248,rough mock base eventually ashtray tiki ti  tco8ze8aqy0,0,1,0.9400816151176418
6900,dblite works like charm openw  arduino yun test coverage gyp version rarely  stco4jrj1ezc1s,0,1,0.806562977110054
4554,penguins bird puppy bowl,0,1,0.5001807402876967
5654,mans trash anothers transformer  tcolpynvqwxxx,0,0,0.415776703177558
6109,  week trash,0,0,0.4035215135166611
5286,homemade soup good vegetables crackers  tcolirwgwkdze,0,1,0.6727352225925507
5673,day care im taking kitty nap hosers,0,1,0.8761657198028053
4928,ill guys later gotta bake blood crackers,0,1,0.7705709159500855
2179,freaking nasty rotten people monsters release domnica going pay let free,1,1,0.6346813698483288
4765,cowboy killers,0,1,0.5001807402876967
2305,systemic humanity human power reinforced minute,1,1,0.8633317426632434
2926,police horribly hyperviolent raids,1,1,0.8043446056417559
5881,  reasons mermaid periods pants perfect hair u lure men deathalso free clam,0,1,0.5222631280229454
1563,team     combat,1,1,0.5001807402876967
4048,whats shit posting pic slipdont flatter stupid ass bitches,1,1,0.947087072402646
6574,dumb stump sarah mocks obama  tcoqwxb4wbfzq,0,1,0.9381746461412704
6545,real basketball players disappointed throw trash miss,0,0,0.4605688800476957
1413,imagine day engineers forced use laptop,0,1,0.8721566901844188
1222,tiny crooked thumb,0,1,0.5001807402876967
1116,lovely day come home food cooking slow cook,0,0,0.4982371193647455
4691,father born nanticoke attended lehigh im ct yankee love pennsylvania dutch cooking,0,0,0.4586306248215524
3780,  like youre bitch bitch cuz got flower emojis tweets doesnt mean youre som,1,1,0.7106312010975113
5660,blood satisfy hungry flames r charlie brown,0,1,0.5001807402876967
3940,  shit aint shit bitch,1,1,0.9676753047595724
81,bihday peter g possibly nicest man great day,0,1,0.5274941893494678
6639,thank charlie happy thursday,0,1,0.854912269489393
3593,dont know yo bitch tuat aint bitch im sayin,1,1,0.8843989937494972
4992,homeless dog living trash pile gets rescued amazing share  tcoszpstdxmn6,0,0,0.47144117104277194
3271,tell yall im trying turn bayou classic bitch got id,1,1,0.987669022264519
96,wobbles 11270 session tops,0,1,0.5001807402876967
5930,  alec baldwin mocks harrisperry cry forgiven transgressions  tco9oq5gtpmxx,0,1,0.5001807402876967
1057,im probably going youtube video today,0,1,0.576147421724283
3108,hate dumb bitches,1,1,0.9708233511040207
5698,posted new song guala  tcotbpouto6zr  tcoy1rpitkiaf,0,1,0.5763007180812195
5457,dempster look like theyre getting older bring youth,0,1,0.7954756587288738
3556,got respect hoe shit,1,1,0.9435210686059972
2304,1 house order 2 returning stolen land,1,1,0.5514141070282147
6472,  like walking dead carl talking birds zombie attack  tcouocspykssc  t,0,1,0.9572719869247354
5529,lets fanscallers wanted run heavily dink dunk doesnt work great cant extra yrds,0,0,0.03521417680478335
6111,  rosecolored glasses come want true love happens,0,1,0.6208456106374948
3309,spurs bitch thats team dont want problems,1,1,0.7853244554365201
4657,fuzzy dice nicest thing car lol,0,0,0.12491178155552418
4510,guess whos eating cracker b,0,1,0.5001807402876967
2944,cant wait u   admin hang,1,1,0.8676918638766704
6989,trash  tcooedkehyyxj,0,0,0.3356885293868687
6890,cant decide wear yellow rain boots purposes black   yellow errrrything,0,1,0.6922394919894777
6159,  people vote charlie crist michelle nunn founders right vote constitut,0,1,0.551997413733409
3382,bitch w dick,1,1,0.9996810162106162
5854,  hes trash   early austin rivers draft bust,0,1,0.628921816081107
5839,  set hoping birds perched  tcoodhq52qile,0,1,0.5411293965194188
3214,real life online follow sorry folks cause look like border hopper dont mean born raised,1,1,0.6811121589866063
3484,everybody fucking everybody bitch shit thats life,1,1,0.8720786943143
2544,thats,1,1,0.5117551905915307
3612,kiss imo conductor 430 cou esy bitch,1,1,0.8873793112784731
4437,sounds like holding infoyankee shill,0,1,0.5661756512671966
6680,jig,0,1,0.5001807402876967
458,ab fab movie released soon wonder weve cut,0,1,0.5001807402876967
4031,told bitch dont wanna eat im money hungry,1,1,0.8466220639903688
6847,yall know skip bayless slit wrists romo lol,0,1,0.7064750707354542
4602,im proud wacko bird bout,0,1,0.9746011442075919
697,7 par 5 things falling apa tracker break,0,1,0.5001807402876967
1738,heres collection coverage womenrelated issues,1,1,0.8204561676682371
3528,got channing tatum bitchim,1,1,0.6651360203683614
1434,im afraid imma need longer sessions normal sessions loool,0,1,0.5114488324328643
5702,pretty yankees thing id lose alcs year live detroit miss real steinbrenner,0,0,0.3383634411460203
3480,driving fucktardmobile tranny slips  tco8e3kxegmjo,1,1,0.5001807402876967
6378,  vice president biden   wife florida today stump democrat charlie crist bid governor,0,1,0.7289535846709287
470,going grow bigtime hillary indicted seen ineptness political pay,0,1,0.5145501843556766
5913,  knicks trash melo signed money dont care good winning team,0,1,0.8964390008723249
2168,sorry,1,1,0.5001807402876967
5704,r b trash compared early 2000s,0,0,0.4611987070143649
2955,ouuh fuck,1,1,0.6868457898237964
5331,hate wake early morning drink fact cold yellow gatorade fridge gets happy,0,1,0.7077310524230311
6931,ion like papoose went lol,0,1,0.5628405621278875
3209,fat dykes want vomit,1,1,0.6734972678155946
6907,esco  missions games universally trash,0,0,0.3356885293868687
5290,bout redskins,0,1,0.9881001170657859
3207,faggot  tcotkpokv3ncd,1,1,0.6594475947529878
1741,hell juan decide kellyann raise kids work weve years cant stand,1,1,0.902808861375748
5027,want absolutely amazing deliciously fresh perfect monkey bread,0,1,0.8583929540006946
4032,took yo bitch gave bad,1,1,0.6752249603806223
3151,  bromance pat ant real fuck faggot,1,1,0.6504771370409645
2338,indianapolis colts black cheerleader hugs boy slur class,1,1,0.8600748026537038
1601,3 officers fired target practice jokes,1,1,0.7705827587505532
62,animals hat chill content bucket polar bear,0,1,0.5001807402876967
5327,froyo brownies dinner tonight adult making executive decisions,0,1,0.5001807402876967
5578,mentions probably look like septic tank   ahead meme  tco2qttvwwicy  tco72imb6rfzn,0,1,0.6178377643094259
1401,meeting houseofpriory today discuss mens range tees,0,0,0.4323330877066048
958,night long yeah,0,0,0.040399287653434625
1245,interviewed 3x fbi able buy assault rifles sickening dont understand,0,1,0.9099982625413154
834,nice afternoon park,0,1,0.5001807402876967
4503,amos 33 walk agreed,0,1,0.5001807402876967
4332,best asian massage park slope rated spa 7186220221 24  tconkvy9nwyzj,0,1,0.5001807402876967
4667,pulled pocket constitution bring man mocked mccains wackobirds comment hahaha,0,1,0.7386051905883226
2084,bot roots aus garbage prisoners uk,1,1,0.5001807402876967
853,classic,0,1,0.5001807402876967
4650,know good hohos 2am answers havent given hohos whoa,0,1,0.9866947910253717
1298,146632324152 update,0,1,0.5001807402876967
20,love u u time ur,0,0,0.4669904299019428
4772,lmaooooo epic bird wins,0,1,0.5001807402876967
4088,bitch smokin gas sta  ferrari,1,1,0.7647376396892566
4320,east coast theres colored hair sweetest wave,0,1,0.534590352493335
5055,best behaved kids mommys commercial audition oreo mcflurries everybody  tco9hfnsmalcu,0,1,0.6497704389928077
1481,flight attendants word journos,1,0,0.11853602804438683
1288,waits moment hawaiian sunrise,0,1,0.5001807402876967
544,wellybel na,0,1,0.5001807402876967
4354,scandal sex scene airs abc right great pumpkin charlie brown making parents angry  tcovltspk8u4s,0,1,0.6199753582615303
6459,  im little teapot sho  irish a ist year  tco9o1zfvlezv,0,1,0.8298039581951203
1198,thank god 2015 kansas city right,0,1,0.8635361020305482
6658,conjuring wasnt trash wasnt good insidious,0,0,0.47808703717411527
512,warning ladyzaradurose impersonating information needs life,0,1,0.6113808486711353
3354,gonna compare sushi pussy tho aint dicks going sushi,1,1,0.690861138043181
4254,guess ill trash drawing roster changes  tco2r8wqge8cr,0,0,0.47201173416329745
5999,  nbc news projects charlie baker r wins massachusetts governor  tcosu9jblplro,0,1,0.5915088816049511
2190,retweet agree,1,1,0.5001807402876967
1670,good idea repoed abusive content troll,1,1,0.5318629656574705
1748,insults tl jew hating piece shit,1,1,0.978529522740012
3353,bitch got dope panties sssshhhhh dramatic,1,1,0.7471320154148858
1966,trump media normalizing alternet,1,1,0.8057594794806506
6728,mother isnt allowed brownies  tcoh0cft5wcbv,0,1,0.995538805655335
6856,yanks wont playoffs aint al basement thats red sox position tcof7hxndz1hy,0,1,0.6904417695603366
248,kids playing jr hockey buffalo high school hockey,0,1,0.9240400234622251
4392,genesis 219 ground lord god formed beast field sky,0,1,0.5428566172461218
5412,informed bird pheonix today find physical image ofall paintingsmythological extinct,0,0,0.4607073198651157
2551,despise hatred racism causes black people,1,1,0.6775356181590347
5588,mother nature hates yankees baseball,0,1,0.5001807402876967
4962,moist bint lobbed sword think youre ladeda king,0,1,0.5289411801934463
1821,holidays violent time ive begun question impoance families,1,1,0.6602353951181117
4517,pops new york family yankee obsessed sister literally cried heard gonna,0,1,0.5216528603774135
3115,im upset got faggots,1,1,0.7793869894232159
1695,conversations going school home need create space time commit help,1,0,0.39769258512708344
4478,project lead military program requires op mock testing,0,1,0.5001807402876967
2230,a e scraps controversial series,1,1,0.5001807402876967
6763,spy planes flying british skies hunt jihadi johns assocs advanced tech  tcoxfsezszu0m,0,1,0.5001807402876967
5168,enjoying bed perfect teddy bear monkey,0,1,0.5073223562000879
2520,insane crazy racist white woman reaction paranormal insane free classifieds ads,1,1,0.6831463377420088
3067,niggress thinks shes human,1,1,0.9999743023713392
229,scream 204 promo happy bhday hd adveise promo free classifieds ads,0,1,0.5177907913091646
469,great insights trusted professions emea,0,1,0.5001807402876967
1447,finally new phone upgrade,0,1,0.5409837795088998
2549,bet hc white fired years ago,1,1,0.8950141263743322
1917,pure today everybody looking arabic kettled female friends leave better pics media presented gov,1,1,0.9568081035966762
6307,  people baseball boring,0,1,0.8703169095205653
5285,home chicken penne alfredo oreos banjo,0,0,0.341012005411697
4626,miss nyc nashville needs pro al team closest kc t a thats pretty bad south nl,0,1,0.678227839289656
5228,getting twitter jigg trynna stress dont need type heat,0,1,0.5137674239444961
3908,  hoes baes dipssidelines,1,1,0.6448924038695767
3397,ion gotta bitch ass thang dont like wtf im saying unfollow,1,1,0.9425636699058977
2307,end,1,1,0.5001807402876967
2930,official hate breeds hate,1,1,0.5753683890707038
6794,weird frosted colored lipgloss weird,0,1,0.5080448180082568
3013,fag,1,1,0.5001807402876967
5036,point ive got tough life decision ice black translucent sole solid black sole kd vis blk orange airbag,0,1,0.8244959170039622
5830,  farewell tours fault players underachieved yankees year,0,1,0.5215071904091733
2534,world man took dive like people fixed bc woman expected,1,0,0.26485822559035227
4230,pineda needed 67 great play,0,1,0.5437112453561027
4384,85 species birds repo ed chesterfield great backyard bird count area  tcodtllzlxmpf,0,1,0.5244671992930021
677,like bible banger tree hugger like tweet doesnt hold parents accountable,0,1,0.7187673377198733
3143,  tony think yr rude little cunt young know real rock rol,1,1,0.7569681257674269
5679,panda express trash wanted chinese didnt feel like gettin car,0,1,0.5011224459284522
32,people arent problem reading,0,1,0.6886688121519285
3607,cuz looked doesnt mean likes hoe,1,1,0.8942121754711223
2132,fucking nude nerd girls naked,1,1,0.7520406491751466
6690,brownies tho,0,1,0.5001807402876967
545,looks like tag f libtard bot commentsi trolled awhilesame repetitive word4word complete chicago unawareness,0,1,0.7196221121416986
5670,oreos life,0,1,0.5001807402876967
6308,  adult decision college buy guinea pig university iowa,0,1,0.6821490946920286
4386,93 feature car1 1503 yellow black feature car buck tag radiator suppo  673xx miles  tco1nknfzqbo9,0,1,0.7942905568355544
3947,  real bitches suck dick,1,1,0.99313073665391
593,reason amelia came vancouver distance jamie dakota amelia colin,0,1,0.5001807402876967
1202,ready love,0,0,0.2779644404215703
3830,  man hoe heaven stay taking day,1,0,0.44856107225957875
4891,lol getting thisearly bird catches worm,0,1,0.5941941073374628
5235,going view point seeing star child monkey,0,1,0.6278412297357899
18,friday wine chill,0,1,0.5001807402876967
97,gets angry,0,1,0.5204061247681934
713,posts seen happy come join nowlinkup,0,1,0.6444610394683872
3535,aint going movies hoe straight sexing,1,1,0.6854353293595122
3972,think bad bitch meaner,1,1,0.6391559057815157
157,father day dear god father u r real care taker thanku thing lord,0,1,0.5077707621972755
5691,pierce wouldve easily drained shots hes trash smh,0,1,0.846469395433792
1318,holy shit trump 1 person cheering n e new jersey like lied,0,1,0.8691282878493064
3618,lex steele know yall know knocking hoes years moaning process  tcoiz75pey71z,1,1,0.7858581413518949
3825,  feminism noun perve ed political ideology hateful bitches fat airplane seats gt  tco,1,1,0.7745202387711737
320,love cry cry cry,0,0,0.4168338740383413
2716,happy dont incessant thin veiled gay minorities,1,1,0.6502832215249456
3470,chase pussy sin falls ya lap blessing,1,1,0.7286420612207253
1321,lets happiest people dont best best,0,1,0.6544739171096509
1042,thought today gonna turn amazing,0,0,0.4695553238249489
426,pretty sure orlando shooter christian left blaming religion muslim religion n,0,1,0.6706871747518893
5059,big bird holds press conf claims care letter f,0,1,0.951504796197682
2805,launching january stay tuned dates,1,0,0.30577501255829503
448,road,0,1,0.5001807402876967
1546,voted scared little bullies,1,1,0.8334328672289188
1836,comments joke smth opinion dont think,1,1,0.9209446759011317
4270,best yankees derek jeter joe torre  tcoxmyxfdbkox,0,1,0.5001807402876967
3723,  bae turns hoe  tcoh37nsqcmar,1,1,0.6117458158490053
3981,smh niggah,1,1,0.968651296015458
4093,fuck twitter aint getting bitch,1,1,0.7866326483589481
6815,remembers middle schoolhigh school throw paper trash seat yell kobe lmfaoooo,0,1,0.5696679106659135
1079,ill follow,0,1,0.6430650452318026
6746,time 2 kill 2 birds 1 stone work renew food handlers card online push play dumb class,0,1,0.8986565654486663
2752,latest maryland daily thanks,1,1,0.5001807402876967
3980,skinny girls gotta couple rounds pussy,1,1,0.7580492025175469
4717,yea dont live guess got roofs arent fixed charlie jeanne,0,1,0.8462256421112202
1303,blessed work alongside 2 years,0,1,0.7352740724765068
3410,bitch texted,1,1,0.7077130342708366
6492,  birdits planeits supermanu,0,1,0.5001807402876967
4519,know best bird moves,0,1,0.5380023629046788
4105,ion care im wrong bitch dont blow ur horn,1,1,0.920406454405104
94,2nd bihday,0,1,0.5001807402876967
4881,dont mean crowd crows,0,1,0.6394355325984686
586,sweat jacket jeans,0,1,0.5001807402876967
6787,watched crows eat sandwich,0,1,0.5001807402876967
3319,gotta atleast 510 bitch lol,1,1,0.7922561780954192
2139,racists ceased rant 2016,1,1,0.7290561587432371
4889,approximately 12 crash wasnt supposed members seal team bird,0,1,0.5001807402876967
1386,thoughts w lgbt community today monstrous thing,0,0,0.11353330378137724
477,school na,0,1,0.7239229149692932
4341,best asian massage park slope rated spa 7186220221 24  tcou3pzev9e9q,0,1,0.5001807402876967
2705,coming ultra like surprise surprise play golf,1,1,0.571161509340949
4223,3 0 mcca hy outduels keuchel series finale  tcohijjauktjn,0,1,0.5001807402876967
6798,went open house today   place trash ewww,0,0,0.4673540398104118
1006,ok guys sleep wish youall spaces happy universals luck forevers love,0,0,0.44183152950681676
2998,fuck assholes theyre niggers look alike,1,1,0.7155722154320232
3444,yall mean running telling tunchi wtf im thats nigga dog niggas nd bitches,1,1,0.9047694157566042
6034,  jets bills dolphins win sole possession place feel mr belichick,0,1,0.5001807402876967
6506,  prime suspect murder 23yo british jihadi wait declared allegiance anonymous  t,0,1,0.5001807402876967
4366,feel like season offensive concepts inevitably trash good,0,1,0.5144490636989825
4052,u hitting u gotta bitch love dont u dare em slut,1,1,0.9711792568678762
2575,thought factory leftright polarisation 14,1,1,0.5001807402876967
3166,  ashamed ill single life fuck w nasty faggot ass white man,1,1,0.7463675014960359
488,florida pulse gay club attacked orlando 20 dead bbc news,0,1,0.6251378624173187
2819,white people rest,1,1,0.7423443682334612
1455,obliged request citizens cleveland night hope doubt staged,0,1,0.9901353820906509
5957,  gold standard isnt close silver  tc,0,1,0.792635245011395
1540,woman catcalled walking shuts harassers best way,1,1,0.5420562717117767
562,feels good buy new clothes losing weight kept putting lazy,0,1,0.5410638672447122
5949,  week thursday game look forward jeter deserves night,0,1,0.6501113390801024
5014,half no h american bird species threatened climate change  tcodwsyb5boda  tcof0pvulnf4c,0,1,0.542603658080629
2273,trump trumps love mustfall,1,0,0.4194204628730354
335,4 days till ahhhhhhhbrghhhjfifowndicosmwvdkckaowj,0,1,0.5001807402876967
3626,lol bitch,1,1,0.657247126599144
6808,test today im making pan brownies im going lay bed day   eat hea  content,0,1,0.6128011250302723
1673,attempting sabotage country final days,1,1,0.5001807402876967
24,theres baking frenzy going bake easy kitchen tastings today,0,0,0.48989466282058136
2389,atlanta mayor   police force allow rule city block roads   freeways wo action,1,1,0.6394020395633959
3873,  fought 2 little bitch ass 6 yr olds month ago  tcorasgyut6pj,1,1,0.8169942982073216
6475,  declares victory introducing governor charlie baker  tcohykwrvd,0,1,0.5001807402876967
5845,  smash windshields   birds bees coors light drinkers know wer,0,1,0.5558398153630489
2183,vandalised condemns act,1,1,0.5186508355674593
1583,muslims hate america,1,1,0.5394877222939514
6241,  remember paused allstar game honor mariano rivera  tcopqedosoglo,0,1,0.5001807402876967
2747,giant version flapping i95n,1,1,0.5001807402876967
6805,charlie tries walk room cant remember locked door  tcof igzzpqf,0,1,0.5601547315803193
5823,  handed flight good hands bird  tco7vjwdcdtxv,0,1,0.5283048514987909
2405,ignored,1,1,0.5001807402876967
4964,special time place decaf coffee trash familys motto java habits,0,0,0.4855752454672954
6452,  birds arent meant caged,0,1,0.5474234306201292
6121,  pick president uncle tom association pick larry elder,0,1,0.8490828431055789
829,invest people lifetime,0,1,0.6810547741249603
5889,  yellow  tcoxb4dkwuoki,0,1,0.6031553479136076
6318,  aint gator youre gator bait,0,1,0.6744554613168681
5621,nicholas rushlow wearing lucky yellow shi  nails theophylline bitter crystalline compound extracted tea leaves,0,1,0.5376456627326118
3186,somebody choke fucking retard keeps yelling mashed potatoes tool,1,1,0.9255049139401107
3415,equality niggah,1,1,0.8806852747134247
1609,jc penney employee holds customer headlock wow havent responded,1,1,0.5001807402876967
4775,oh phone trash knew,0,0,0.44560897670758604
4830,ve ical nip barsi horizontal ones think itll look hella cute,0,1,0.6049329502471397
5973,  isis jihadi terrorists post 90 tweets minute spread propaganda  tcoerjmvef996,0,1,0.5340069988020358
1062,thankful sense taste,0,1,0.5001807402876967
3993,swag bitch  tcoagsweopebp,1,1,0.7077130342708366
1861,u dont u single race,1,1,0.8559279200425155
4875,like worst lyrics post beautiful dont know theyre talking trash,0,0,0.2029128987781972
2400,seriously got rejected driver soon got car im white wow finest,1,1,0.9164774158485784
1478,trump suppoer racist racist trump suppoer irrefutable truism tolerated,1,1,0.7828942002717195
6814,needs alarm worlds annoying bird outside window,0,1,0.6366506103522251
6693,rule tie goes runner safe,0,1,0.5001807402876967
379,apple hasnt updated 13 391 days replace words pictures got going em,0,1,0.9935186571197527
3750,  bitches fly like peter pand tho,1,1,0.8134147922915486
5040,work wish floating 15 ft sale walma  redneck pool husband probably hasnt cleaned weekend,0,1,0.5962580807816885
200,depth light day,0,1,0.5034410635643102
2500,sea shepherd suppoers racist,1,1,0.6043043942932558
4862,bird hats gt hat,0,1,0.5001807402876967
3659,things calm pussy cali tree,1,1,0.6391673932544326
2474,white establishment cant blk folx running loving promoting greatness,1,1,0.9668537806299285
2134,pa 642 mil rejected business   stoppe,1,1,0.5001807402876967
5426,im camera shy dont talk phones love rainif youn kno life wouldnt understand,0,1,0.540348853595894
1085,lucy national disgrace harming women truthfully suffer sexual assault,0,1,0.5531477927677145
5232,god male female blades grass living thing reproduce stay ea h birds bees grass sexnatural,0,0,0.18778607924232812
2576,wanna fucked id 13479 meet,1,1,0.9728292221917109
757,book 59000 58000 cashier cant close eyes let pass walk came,0,1,0.6056893243906949
1721,oh yes rude nasty behavior brought main stream,1,1,0.7209982276989163
2874,preordered sounds great book,1,1,0.5001807402876967
5674,overripe eggplants good eats,0,1,0.5391414493121277
3227,took find hiding lime tree dis bitch da wrong tree bro,1,1,0.7830621700935957
1733,feel hated potus,1,1,0.5001807402876967
2927,ultimately early wish didnt tell wish didnt,1,1,0.9040249183258512
4551,yankees,0,1,0.5001807402876967
3077,bitch u sunday nigga,1,1,0.8156024016674476
1194,thats standard home minister,0,0,0.29968436639374496
3440,selfies booty pics cause bitch look like ass,1,1,0.7133702469552087
5051,fearful wrath god country mock christianity embrace perversion abo ion bows pcmulticulturalism,0,1,0.854022063603449
1865,people originally meant white landholding males,1,1,0.7423443682334612
1560,clearly humour attempt media undermine wont work trump,1,1,0.9311613083332259
5144,believe people evolved apes im quiet convinced evolution man  tco1rswgnpltc,0,1,0.6872540294840394
1439,social superstar award cmas reduced award 4 active social media,0,1,0.8507985069206471
801,paicipate tonight excited meet great young filmmakers,0,1,0.8476896611169181
2938,end,1,1,0.5001807402876967
5372,meanif blow foul yellow situation,0,1,0.5479711129463619
548,m ms mcflurries,0,1,0.5001807402876967
1452,toptags,0,1,0.5001807402876967
1408,like,0,1,0.6379951138067549
3488,fat bitches twitter names princesscookieneckbackcrack lmaoo,1,1,0.6048604907015956
1845,telling white students dont deserve live reason wont die,1,1,0.851500409232035
6120,  easy youd think find astronaut monkey outfit minute,0,1,0.5161608852253278
2346,cowboys racist im convince fooh nigga got 12 wins yall gon swap white boy aint shit,1,1,0.9971496242651493
1329,bowling tournament dayyyy,0,1,0.5001807402876967
2782,comments spark calls,1,1,0.9559523943945063
1860,upsetting biggest fans,1,1,0.5001807402876967
3408,like got time wasting bitch broke,1,1,0.7375278971686299
3850,  bitches thinking soooo like everyday average instagram bitch,1,1,0.6303345817801521
5061,bjergsen rune page dont reds quints mean reds blues yellows quints 47,0,1,0.6430836822270841
4848,nd kno love clams lol,0,0,0.3660662583867734
5776,  drops trash mixtape dms  tcowkfjfjknci,0,0,0.3356885293868687
6317,  youre playing flappy bird 18002738255 national suicide prevention lifeline   save lives,0,1,0.581096140836627
4735,ugh,0,1,0.5001807402876967
4483,gobbledy gook dont game,0,1,0.6268186309933358
519,spoilers ok people,0,1,0.6132857841465973
612,ideas want tell long list ideas came,0,1,0.9665088502102192
2324,mens moto 360 sale womens,1,1,0.5001807402876967
4311,tweet  tcoxwmkac1aw6 dis like da colored brady bunch,0,1,0.5871342577811558
684,lovely review recent customers hayes thank lucy,0,1,0.8410851513659259
5632,note rocketeer removes cardboard launcher carries trash bin fleeing  tcosb3u1xpeg4,0,0,0.4130811456488767
492,happy sunday,0,1,0.5272062447330829
6371,  radio trash,0,1,0.5374305781937472
743,enjoy day,0,1,0.5035660796977947
324,works winter blues,0,1,0.5001807402876967
5785,  dont drunk pass sta  making colored duct tape,0,1,0.7293937480852514
3130,members nontraditional religions subhuman trash,1,0,0.4193494499413478
5315,talk trash spo s,0,0,0.430776540555127
1047,alice,0,1,0.5001807402876967
4698,like ur domes,0,1,0.7702015893023189
1373,decided lens want basically cost mogage payment nice house,0,1,0.6348267537933607
7000,clam shame,0,1,0.5001807402876967
325,journalist people assume diligence food thought,0,1,0.5715560656998855
5520,la una vez en jap 5 japoneses crearon una que atrapaba ladrones primero la la  tcokhzl8pfgct,0,1,0.5001807402876967
587,bought guidelines exercise testing prescription book,0,1,0.5001807402876967
3808,  fat bitch want skinny bitch cant cook nothin hoes aint hungry,1,1,0.7968651737257318
6417,  oreo speedwagon,0,1,0.5001807402876967
1076,smilemy life,0,1,0.5001807402876967
3197,white trash okies dont count real white people count white person count person okies arent people,1,1,0.785164233659963
4794,cute love yellow raincoat contrast that her hair looks cute p love face icon,0,1,0.5196259685165295
5809,  ran outside mullet flowin nips shown shotgunned cold yelled saturday welcome sexy beast mer,0,1,0.6686943462961076
4020,bitch texted baby baby miss,1,1,0.5543754783083125
3196,white bus drivers white trash,1,1,0.7060216346365531
3540,cant disrespect ass bitches,1,1,0.7993531662493407
5969,  turn phone loud tweet hear bird chirp,0,0,0.35578472027536345
734,global trade balance climbed previous 242b 2419b april,0,1,0.5001807402876967
6842,wow yellow pagenaud marco screwed maybe yellow coming,0,1,0.681482552226006
3810,  smoking weed unattractive haha trying high bitch im trying turn,1,1,0.8689972002688624
89,happy suppo golf tourney 4th place,0,1,0.747969847410516
3247,marrying avoid paying child suppo  win yeah lol dont hoes   thats ok,1,0,0.23297893160967065
5853,  think zlatan class way talks trash,0,1,0.6120862767095897
5528,let jig commence  tcopqvjievqza,0,1,0.6548281433818253
5706,republicans massachusetts governorship coakley conceds gov race charlie baker  tcounfdqcqhyk,0,1,0.7126529087245993
4756,probably yeah accounts personality handle wear yellow suit puts points,0,0,0.0556945937566208
3403,ohh bitch gotta fck girl second lil family frfr,1,0,0.49482298246787826
1559,repeat concept talk e,1,1,0.5001807402876967
3307,im otp bitch hold,1,1,0.7087361134679512
5000,acid yellow  tcohkpom1im,0,1,0.6031553479136076
199,day today,0,0,0.4549813697009407
1922,plz sign,1,1,0.6410252931550664
2652,hitler comparisons,1,1,0.8953475666956063
1562,fo woh texas police chief officer acted rude racist viral video,1,1,0.7849427356876791
74,flying high bremain odds surged 74 rabobank,0,1,0.9614025869167742
3406,fucked bitch,1,1,0.8862266118341183
6050,  die flappy bird  tcohknutfdvjz,0,1,0.6820412063081123
5201,wondering dhs buying ammo know charlie manson er race war sta s,0,1,0.9641984704028831
4240, tcovii3smgrm3,0,1,0.5001807402876967
6028,  yankees p michael pineda ejected game substance found neck  tco7c3ekgdovb  ,0,1,0.9943723288415292
2192,anc prosecute type offences white people listen zuma malema know,1,1,0.6960337265812493
2846,libtard,1,1,0.5001807402876967
4662,maam clear tweet careful brand race traitor nerve thinking,0,1,0.7007662045406092
4177,recipe calls leftover brownie hell leftover brownie thats brownie havent eaten,0,1,0.6079809269758151
1169,getting prepped delegates arriving,0,1,0.5609279252786183
5138,didnt hit slopes today snowboarding lessons thing morning,0,0,0.21911073691965677
3870,  bitches dress like pussy taste like hot dog water bad grades  tcowrfv9ld6eo,1,1,0.7050981945537748
6200,  birdits planeits jake mcgee  tcowvdlscodvw,0,1,0.5001807402876967
6494,  master a  eating powdered donut looking like left charlie sheens house,0,1,0.5691791635203459
3485,everybody got foreign bitches foreign cars,1,1,0.6012340696748107
4707,mets fan tried telling rivera isnt best yankees time closer wtf,0,1,0.8975551682480175
4747,saves brownie,0,1,0.5001807402876967
6389,  reds havent lost series yankee stadium 1961 world series,0,0,0.12446104036245609
4620,check aint animated charlie murphy,0,1,0.7342730407267513
3164,  aint bout murder game pussy nigga shut gang,1,1,0.9795814149287472
4526,hes definitely trash bill cohwer stanford head coach want job id hire new gm course,0,1,0.7856671836342776
3882,  bitches talking bout dey bout ta chill going bitches saying dat cause getting cold u bitches,1,1,0.9899204765098868
4594,thanks follow guys im enjoying cold yellow belly right,0,1,0.7005562820936042
6533,  new avi thanks b oreo,0,1,0.5363054054186784
4831,touch nedchuck mix,0,1,0.5001807402876967
843,ahhh hea breaks like keeper,0,1,0.5485025675164551
6597,daughter seen charlie villanueva questions 1000,0,1,0.5001807402876967
5905,  charlie sheen man lol  tcofcfsbvaphh,0,1,0.5518323064155438
4155,mans trash mans treasure,0,0,0.45307583864175976
3544,trust hoes,1,1,0.5848627862465838
4014,hoes lost   hahaha wanna bet dont job lmao,1,1,0.6846856387836453
2021,todays donkey proud murdering real palestinian semitic children thats,1,1,0.5041697348269776
6037,  realize games mean hillbillies play 162 games year sh,0,1,0.7479537115856593
209,finally getting opening private,0,1,0.5618544497405781
1407,bought dont speak,0,1,0.6654949018129593
2717,10 hours walking woman,1,1,0.5387190323127334
6745,thw white iron band plays weekend fargond aquarium21 friday102910 charlie parr nightsaturday,0,1,0.6077219983935691
621,attack bull game 3d think head city,0,1,0.555727625016786
2973,fleek yo vocabulary faggot,1,1,0.7226877816684594
5897,    ok im watching mook vs luxneither good mook 30 wasnt close vs hitm,0,1,0.5806662847276549
6591,smuggled letter gaza tunnel digger details suffering hamas rule  tcojusiee1yhk,0,1,0.5001807402876967
3160,  green azz niggas   yall new bitches condone dat sucka activity dat doin,1,1,0.8101249563064784
1003,augst dj vengossie,0,1,0.5001807402876967
2628,arabs islamofascist,1,1,0.5001807402876967
6064,  texas ranchers terrorists repo edly caught border feds clam  tco1vynd9zbph,0,1,0.5001807402876967
4356,cont provide colored stickers place nametags members indicate preferred pronouns,0,1,0.5089183587240586
1650,stop perpetuating false racism leftist subversive politically correct propaganda america racist w,1,1,0.9038382789107318
6601,dont want true life story american heroes bizzy lazy krayzie   wish wanna watch hillbillies shoot pumpkins,0,1,0.7030558945451919
1088,fathers day weekend fathers,0,1,0.5020095926991165
6657,african goshawk accipiter tachiro species bird prey accipitridae family fou  tcot9xi8iwocs,0,1,0.5001807402876967
287,wrong people talk bro ugh feel bad,0,1,0.5744954269921784
551,little crab,0,1,0.9168877307298186
3405,wtf ur tumblr bitch,1,1,0.9521428601056529
4060,fuckin wit niggah aint fuckin wit real niggah,1,1,0.9201241511342036
4101,bitch dont like somethin wrong wit da bitch,1,1,0.8441078115712776
4652,dawg trash momma got charged littering dropped school,0,1,0.6200323453488258
5217,ga charlie,0,1,0.5001807402876967
5642,officials jihadi cockroaches booking tickets cruise ships syria  tcohwkfme75kx  tcorltlvygptl,0,1,0.5001807402876967
1427,ow remove annoying groups facebook notifications provoking thanx,0,1,0.9610821976595056
5625,gives trophy cause im old colored,0,1,0.7233647153055898
4542,taking franks advice ate yellow snow,0,1,0.7791513143068447
402,grass gets ur mouth bc u ur croc washing toothbrush brush teeth,0,1,0.7094213700866281
1035,great local tweet share jivemap,0,1,0.5001807402876967
748,congratulations making ghana proud black star love daddies day,0,0,0.43086856966318093
1962,white girl sex black guy best world sex,1,0,0.18834428391252478
42,new stoke tea room final touches opening week,0,1,0.5322537434478868
1980,libtard,1,1,0.5001807402876967
2447,jokes women penis humping girl,1,0,0.2432938718261747
5179,ff consistently marvels worst prope ies ultimate ff good entire ultimate universe trash,0,0,0.47304740417088725
4336,best asian massage park slope rated spa 7186220221 24  tcogpbi04yobq,0,1,0.5001807402876967
1898,tyler perry claims reverse racism critics tlc series,1,1,0.8690262717036915
5683,people uncivilized,0,1,0.6810547741249603
1422,tired actually going actually mean work,0,1,0.5917251941157113
738,soed wedding flowers,0,1,0.5001807402876967
983,gonna text bet wont text,0,1,0.6356462184438031
6401,  ive seen lot democrats charlie baker ad makes want scr,0,1,0.929930455518057
4837,puppets like intentionally forever cripple peoples ability unify eco political consensus,0,1,0.5473230188030929
4413,jeff luhnow blame astros blowing red sox yankees hc,0,1,0.8372379851067421
5279,hey fans good score  tcohlqal7cigf,0,1,0.5622913205737012
4033,translation slow saving hoes 1 1   saving lives,1,1,0.6627686048163705
2863,shot inside pussy office woman,1,1,0.642843462948605
2269,kills 2017 remember born hate love change world,1,1,0.9268399406353831
1769,dont wish happy new year like,1,1,0.7513503660845211
1264,whats going service havent able 4glte day today,0,1,0.5815564154236217
2648,libtard,1,1,0.5001807402876967
6748,senior class oreo funfetti bars den morning,0,1,0.6905183160123609
1500,dealing relatives reminding clock ticking help,1,1,0.5001807402876967
1684,good wont win oscar,1,1,0.7157255332253758
1353,swear nicest people screwed,0,1,0.6038594188613423
4340,best asian massage park slope rated spa 7186220221 24  tcospvogfyxzt,0,1,0.5001807402876967
3400,pussy,1,1,0.7599667489498402
1653,country argues different shades black,1,1,0.5822909009975428
1048,thankful grandparents,0,1,0.5001807402876967
1633,looks like damned fool 50 years usa openly opposed settlement buliding,1,1,0.9588510115312712
1621,coz vids dont mean woh wotching hilarious watc,1,1,0.6174075149119147
1883,oppose,1,1,0.5001807402876967
4310,thats fav care album trash,0,1,0.7833114288123959
550,day america happened,0,1,0.5037335182396256
3500,fuck bitches disrespectful dont care talk fuck ya boyfriend speak girlfriend,1,1,0.8819191334879173
5862,  oreo cheesecake bites  tcoyboqr jyt,0,1,0.5001807402876967
971,slp poland happy valley 97086 usa valley pls,0,1,0.97211198050629
297,pa 40 billion plus group,0,1,0.7862763780850381
3839,  cant stand messy hoe true story,1,1,0.7867169351164378
1224,cashual xd ahahhskavsa,0,1,0.5001807402876967
6979,teeth break person 10 yellow teeth immediately drop 2,0,1,0.5897520298607317
4971,saw theres 15 slope wire zipline,0,1,0.5001807402876967
5463,im glad met chick reminds trash left,0,1,0.5392585720162753
6272,  thats god brownies replace boys,0,1,0.9281445646688128
3004,im jus tryna vaca away niggers bro,1,1,0.9269432807799508
6436,  occasionally play flappy bird die getting remember hate,0,1,0.7178854049683231
101,secret happy life legsclub,0,1,0.5218146384762031
3384,small pussy size plugs,1,1,0.6384363468707184
1282,turns breaking promises sucks impoant ones broken,0,1,0.5001807402876967
1979,uk governments new antisemitism definition conflates racism valid criticism israel open,1,1,0.564826979629188
3278,rico shyt money hoe,1,1,0.6501021858773879
1437,lemme find boiler month june,0,1,0.5686372246742646
3615,leap tall hoes single bound,1,1,0.5644097402008067
4902,jim crow laws segregation lynching laws anti womans suffrage laws amazing doesnt want bring,0,1,0.7286661979726142
3358,bitch,1,1,0.7077130342708366
3298,herd dope boy herd gold digger know real bitch fuck like real niggah,1,1,0.8875409091999287
799,summer rich culture,0,1,0.8778612424727725
6816,wouldve known jesusll come ghetto level thorough like black heroine,0,1,0.8278543342345295
1374,dad best job ive fathers day,0,1,0.5842407928223761
1884,preying poor,1,1,0.6370204231682636
6099,  rick scott takes 49 vote charlie crist takes 46 scott wins second term  tcommkygcyvg1  ,0,1,0.5001807402876967
1220,said way follow herby didnt proly good n lookin good,0,1,0.7608475905645381
347,time checked mps represent wishes vice versa,0,1,0.7425737568684585
1021,constitutional law scholarprof pres obama calls cuailing constitutional rights wo process,0,1,0.656063683613213
4123,sorry wrong bitch,1,1,0.573775642176458
6092,  mock michelle obamas video turnip line succession president  s,0,1,0.9154355760969988
6223,  ad haitian charity water life mocks people use hashtag juxtaposition,0,1,0.7484606187548486
682,fave pics,0,1,0.5001807402876967
2623,like lol wtf let white house youre shame,1,1,0.9111807907184929
4955,okay cool im black fuzzy pink sparkles hallelujah,0,1,0.6992903515903656
5002,deztinis session needed lmao jk girl good yob lol  tco3spfhbbkvd,0,0,0.3326938543485962
88,denial probably forever damaged brand,0,1,0.5001807402876967
466,istanbul bans pride parade safety reasons,0,1,0.9405749939947939
6676,early bird takes nap noon,0,1,0.5285967881876111
5697,pops interviews remain warm fuzzy,0,1,0.5001807402876967
1617,disgusted watching defend career   intelligence informing future gen laughable,1,1,0.5001807402876967
3916,  musty pussy maggot bitches tryna lick sac riches fuckemx3,1,1,0.9623456433747462
3904,  good pussy change ya life,1,1,0.7590570371030674
961,love u u time ur,0,0,0.4669904299019428
6138,  jadeveon clowney tops latest mock draft hes 15 20 year guy  tcof9nzpbbvrp,0,1,0.6250372525440668
2046,libtard,1,1,0.5001807402876967
158,true verything life   love changes got little elfs hoppin especially,0,1,0.9381119242995457
352,save 30 awaken summer walt disney world wednesday travel,0,0,0.13353218681408036
6972,uncivilized,0,1,0.5001807402876967
1444,sirf ashiq log follow karen ki poetry add follow send 4o4o4,0,1,0.8851447571644551
3215,inb4 unfunny nigger kill,1,1,0.6581500063876488
4514,august trash,0,0,0.4193494499413478
5112,cheer charlie,0,1,0.5001807402876967
6880,long night allergies need better ned ze ec spell,0,1,0.7533634323614763
3169,  whats black yellow going win year wrong answer tiger woods,1,1,0.6833654212319138
1196,positive vibes babythats im,0,1,0.6449476442258558
744,kristi blonde mature tonya makes pussy happy whatsapp,0,1,0.945897439696973
5793,  getting painful experience like crossing monkey bars let point order forward,0,1,0.6828331164007296
85,happy work conference right mindset leads cultureofdevelopment organizations,0,1,0.623039715896971
6843,yall saw mad little chunky boy wouldnt let dad touch bruh lmao,0,1,0.9112415104759403
3733,  love bitch act hollywood,1,0,0.39332403501391167
3059,probs fag vhia,1,1,0.5001807402876967
6779,wib plays fri 51614at silverdome ballroom21 neillsvillewi charlie parr   hobo nephews uncle frank tickets 15,0,1,0.644693920850256
4634,hey screen shot djks wiki page updated trash incident,0,0,0.48481376039963253
5490,jeter broke yankee stadium,0,1,0.5001807402876967
1796,refuses veto resolution,1,1,0.5001807402876967
6487,  p72 derek jeter hit walkoff single final stadium atbat images  ,0,1,0.6394125004733748
3693,  tried money feels better pussy ive,1,1,0.8282759693775081
2099,youre sma think hate white males hate racism sexism thats grow brain right wingers,1,1,0.6442977655410422
2518,council staff instructed anc slow da look bad exposed weeks ago,1,1,0.6402753817011766
3329,ahhh stupid bitch,1,1,0.8764818989200504
6522,  flappy bird taking life hear bird crashing time goes wrong  stcokuldr4mabp,0,0,0.3895966940928216
3560,let hoes,1,1,0.7057308947924554
1331,check new trending pixel celebrate yay oh yeah hell yes 8but,0,0,0.3706354179639037
4936,negative slopes aka cha  grades math,0,1,0.5001807402876967
5111,cheeky thoughts rooster crows,0,1,0.5001807402876967
168,lovely,0,1,0.5001807402876967
1499,new way disgraced,1,1,0.5617148519335874
5927,  redneck steak seasoning popcorn,0,1,0.5001807402876967
2688,obama   biden president   vp history,1,1,0.8442246076093031
3296,nah aint hoe niggah bitch niggah rich niggah shits niggah getchu chipped niggah,1,1,0.9418690160923195
5902,  sinnerfirst immalike ur pancakes tha mornin got u covered like aunt jemima,0,1,0.9949770133800171
6346,  tori amos matters  tcoyisiai6s,0,1,0.5001807402876967
1927,vandalised condemns act,1,1,0.5186508355674593
6225,  use talent possess woods silent birds sang sang best,0,1,0.5632865063547515
7001,playing trash espn right,0,0,0.43155956996099787
1420,stop wishingsta vine,0,1,0.569770652995247
3246,wrong pussy sweets,1,1,0.6707846824887534
6587,sinai jihadi group beheads 3 accused spies jews  tco3cdoseli1k,0,1,0.635441002347079
1376,happy soon,0,1,0.5265235701010874
5723,  look feathers instead fur able eat bird feeder getting judging gla,0,1,0.6473672664789452
6217,  talking eggplant skurred af  stcokdwoapyvd0,0,1,0.5001807402876967
6887,bound gagged shoved trash bin bullets head suspect natural causes said worlds worst detective,0,1,0.6315461377208308
5564,mannnn tonight feels like trash,0,0,0.4859740384683637
5336,dress tomorrow mock interviews dont know tie tie,0,1,0.6482296686195702
4872,dont judge monkey,0,1,0.910697645769281
6153,  peeps trash marsh mellows general trash,0,0,0.37706410809131896
4835, tcoj1pwlaercu,0,1,0.5001807402876967
3429,hoe gone hoe aint,1,1,0.7155166325237012
1570,content harm,1,1,0.5001807402876967
4422,like looking race colored glasses,0,1,0.7754902388384816
4051,sta  thundering bitches like wana cuddle naw bitch wana excuse suck dick mimi sit tf corner,1,1,0.9945563064923374
5381,want girl brownies,0,0,0.35805991904255374
3149,  yay america   israel jew hating muslim trash government pathetic   sickening,1,1,0.9956100362904303
3969,ima stop getting twitter arguing hoes trait fuck,1,1,0.846369676049449
995,hit foot cars chill end like,0,1,0.7023830824229013
1023,early good morning u dadshopefully easy travel day homestay positive   smiling,0,1,0.539605865880904
374,vacations going sta soon,0,1,0.7155686937054211
4982,slippery slope dont want lose right self defense 1st background checks,0,1,0.7574870386278671
5408,want monkey bread,0,1,0.9394812048479889
1453,address systemic mass murder arab states,0,1,0.7546056497647972
309,youre figuring,0,1,0.5355578547968731
3949,  niggah said lips dry ass hell lmao,1,1,0.8875642246681673
3711,  bitches havingno jobno futureno education  nerve niggas want pussybitch cause,1,1,0.6893072678151052
5908,  cork sole   cork wtl xi,0,1,0.5001807402876967
4351,lt nudes trash,0,0,0.3356885293868687
6521,  draya catching tan son looking window like ikea monkey everybody trick treati,0,1,0.5458740733067159
5816,  new nature area replacing indian boundary parks zoo expected attract variety migratory birds  ,0,1,0.5580917124289906
4216,love forever ling ling  tcokecfnjyrwe,0,0,0.38000550617908296
6040,  autographed photo babe ruth lou gehrig new york yankees 1928  tcomm2niigp9x,0,1,0.5242311237948267
4788,ill chug tall homegirl wont approve lol,0,1,0.7081326308714052
6337,  jimmy fallon prank getting ny yankees fans boo robinson cano amazing  tcoxnzkzlly4g,0,1,0.559861955850954
6170,  83 children balochistan school followed 80 sindh 75 kp 60 punjab,0,1,0.6068975048362515
1895,wew know diff couples look guys,1,1,0.6561862662745472
813,tired battleground social media dont kind,0,1,0.8486661962761468
66,try breaks twitternews detox violent patriarchal misogyny   ppl think debate  then,0,1,0.6771738383916713
928,sharing ice cream,0,1,0.6487353176148473
1150,happy bday love shoes best bday,0,0,0.40938503105955854
3363,bitch answer calls,1,1,0.7312714958717849
5953,  charlie crist doesnt political pa ies join spokesman fan company,0,1,0.5460788786435601
3081,white boy talmbout ight ill tomorrow school nigger,1,1,0.9020951409004648
1881,fuck richie like going,1,1,0.6972302224709244
3253,bring anotha bitch nah,1,1,0.7250703466958853
1704,everytime wear soccer shis joie fries says look mexican fuck,1,1,0.8219466925824835
1040,scott baio obama gets angry republicans,0,1,0.5331693705180873
3290,fuck right pussy,1,1,0.7554236766010551
487,got tickets great moscow state circus dont know expect monkeys,0,1,0.8480280636345886
5663,im vibing ask aux cord knowing bout play trash,0,1,0.9771949873428337
4385,85 species birds repo ed chesterfield great backyard bird count area  tcoviwmjjjxot,0,1,0.5244671992930021
6944,lmaoooo   girls dont let guy treat like yellow starburst pink starburst,0,1,0.6751491061645967
2997,nig fun watch got admit ebola boy speak broken spanish lol,1,1,0.7603805311081947
922,ironic dance like moron feel like genius,0,1,0.5906987517391602
323,3 day old bunny saved cat cross fingers happy end,0,1,0.6592315512243927
249,bull dominate bull direct want,0,1,0.5989041133988053
5410,accused taking face shot slant angle  tcoycuvypv1n0,0,1,0.5397442296713775
3871,  im bitch stick,1,1,0.7087361134679512
2064,awful slap face hey neighbor black bought 700000 house r,1,1,0.6949989665406002
4267,deleted flappy bird app store cus killed foreal foreal,0,1,0.5616321730405843
6662,john cantlie video issued al furqan media new level jihadi propaganda promises episodes   wages ideological warfare,0,1,0.7774309331956325
232,usual left wing slander disagrees farright typical liars,0,1,0.5001807402876967
2664,powerful picture takes great humanity kindness save life hates existence,1,1,0.5001807402876967
1200,good news guys friday,0,1,0.6323543269699359
4255,nerves worked cos monkey,0,1,0.518897770696544
6733,dog telling playing frisbee lazy mutt  tcol4aocjczsh,0,1,0.5001807402876967
3167,  illegal alien race crime  tcopf2ypelyop,1,1,0.8036899477663302
1189,tonights sunset wow,0,1,0.5001807402876967
92,took antibiotic,0,1,0.5534211449885331
4856,im trash talker brah im polite diplomatic cou ,0,1,0.8420155313301328
319,today definatly ended better began,0,1,0.7687763784255075
5754,  apologies trash whats understood aint gotta explained,0,1,0.866281341783586
6368,  touch swag wish   look fly look good   momma ho,0,1,0.8096737863038177
5903,  dont like tweets belief jesus christ respect dont mock negative remarks,0,1,0.8462182672531827
3546,dont fuck yo gal yo wifey yo boo came bitch im tryna bone,1,1,0.818373929189185
1919,alabama victoria secret shoppers face racial discrimination video,1,1,0.5376500115325995
6896,cookies crackers arent level,0,1,0.6414109315940858
2875,silence approval knew pigs,1,1,0.6621338597452847
1243,50 25 10 10 poetry 3 2 chk kro agr maza na aya stop follow,0,1,0.5974861261801492
6711,billy crystal tribute derek jeter crazy hate yankees man derek jeter,0,1,0.533245328629904
2678,chick gets fucked videos big asses havin sex,1,1,0.7774079133670956
1109,love u u time ur,0,0,0.4669904299019428
3772,  pussy  stcox4f6va7g5q,1,1,0.7599667489498402
2471,thats nice urging presidentelect denounce acct,1,1,0.5053360796932376
3995,twitter like real lifefilled pussies,1,1,0.5536691851837812
5550,looks like competing east cellar year,0,1,0.7708186537377152
5196,flappy bird bull,0,1,0.5001807402876967
2900,trump ny cochair want obama die mad cow disease michelle male,1,1,0.9435816719498185
5356,like mock apple im legitimately interested wearable looks like,0,1,0.9485734240856701
6124,  oreo 6s  tcojx9dd9oahy,0,1,0.5001807402876967
1534,wow blogging,1,1,0.5001807402876967
4375,1x yellow tower gilbe  claes  tcoqc5if6g4fg,0,1,0.6031553479136076
1182,ramadan u favourite player,0,1,0.5001807402876967
2851,suppoing deadly ideology isnt bout suppoing,1,1,0.9937813122124929
6085,  100gram sugar delight hea  attack    tcos6znlvlvli,0,1,0.5602140298906277
2992,fag,1,1,0.5001807402876967
1316,mebritneyhope na,0,1,0.5001807402876967
3498,free hoe,1,1,0.616024622848857
1833,reaction,1,1,0.5001807402876967
2642,antiwhites brag inevitable brown future scream oppose youre pushing,1,1,0.5161643350184648
6608,come brownies away eat pan,0,1,0.8474300776550735
712,finally 300,0,1,0.5001807402876967
5872,  hope pot brownies right  tcoidddhppjiu,0,1,0.5043552370997811
2723,werent coming country women stoned didnt entered pro b,1,1,0.5812297918509844
5771,  stars wink knowingly smile lovers kissing secluded bridge balmy autumn nig,0,1,0.7784774312902539
266,starkes 1806 1301 1806 1500,0,1,0.5001807402876967
3847,  trynna catch witchu pussy,1,1,0.6707846824887534
6221,  actor charlie sheen bought 2600 seats angels baseball game hopes catching home run ball,0,0,0.04593082902274039
1551,pay,1,1,0.5001807402876967
4505,pet zebra stripey,0,1,0.5001807402876967
790,orlando alligator body boy seized alligator found,0,1,0.8910905534328086
6826,a ist new ones making trash,0,0,0.47900883435351016
4021,bitch literally said normal people shouldnt work gym body builders workout,1,1,0.8072943357125011
